{"cameraMode":{"drawMode":0,"name":"Shaded","section":"Shading Mode"},"sceneLighting":false,"audioPlay":false,"sceneViewState":{"m_AlwaysRefresh":false,"showFog":true,"showSkybox":false,"showFlares":true,"showImageEffects":true,"showParticleSystems":true,"showVisualEffectGraphs":true,"m_FxEnabled":true},"in2DMode":false,"pivot":{"x":0.35880422592163088,"y":-0.48813819885253909,"z":-0.19652986526489259},"rotation":{"x":-0.18433202803134919,"y":-0.009427687153220177,"z":0.0017695985734462739,"w":-0.9828319549560547},"size":2.3080480098724367,"orthographic":false}